{
  "properties": {
    "connectionReferences": {
      "shared_outlook": {
        "runtimeSource": "invoker",
        "connection": {
          "connectionReferenceLogicalName": "dio_sharedoutlook_da3b5"
        },
        "api": {
          "name": "shared_outlook"
        }
      }
    },
    "definition": {
      "$schema": "https://schema.management.azure.com/providers/Microsoft.Logic/schemas/2016-06-01/workflowdefinition.json#",
      "contentVersion": "1.0.0.0",
      "parameters": {
        "$connections": {
          "defaultValue": {},
          "type": "Object"
        },
        "$authentication": {
          "defaultValue": {},
          "type": "SecureObject"
        },
        "Configuração do Ambiente das Definições de Canal do D365 (msdyn_D365ChannelDefinitionsEnvironmentConfiguration)": {
          "defaultValue": true,
          "type": "Bool",
          "metadata": {
            "schemaName": "msdyn_D365ChannelDefinitionsEnvironmentConfiguration",
            "description": "Configuração do Ambiente das Definições de Canal do D365"
          }
        }
      },
      "triggers": {
        "manual": {
          "metadata": {
            "operationMetadataId": "50f0f44b-063a-4ebb-b300-7a60b2171544"
          },
          "type": "Request",
          "kind": "PowerAppV2",
          "inputs": {
            "schema": {
              "type": "object",
              "properties": {},
              "required": []
            }
          }
        }
      },
      "actions": {
        "Enviar_um_email_(V2)": {
          "runAfter": {},
          "metadata": {
            "operationMetadataId": "25b0a6f0-1a63-4023-8edd-659b86f7093e"
          },
          "type": "OpenApiConnection",
          "inputs": {
            "host": {
              "connectionName": "shared_outlook",
              "operationId": "SendEmailV2",
              "apiId": "/providers/Microsoft.PowerApps/apis/shared_outlook"
            },
            "parameters": {
              "emailMessage/To": "@parameters('Configuração do Ambiente das Definições de Canal do D365 (msdyn_D365ChannelDefinitionsEnvironmentConfiguration)')",
              "emailMessage/Subject": "Novo Curso Habilitado",
              "emailMessage/Body": "<p>Olá, o curso foi habilitado para que vc seja um instrutor.<br>\n<br>\nBoa sorte é bom trabalho.<br>\nEquipe Treinamento!</p>",
              "emailMessage/Importance": "Normal"
            },
            "authentication": "@parameters('$authentication')"
          }
        }
      }
    },
    "templateName": ""
  },
  "schemaVersion": "1.0.0.0"
}